{
    "read_files": "( fastq/SRR1565948_1.fastq.gz, fastq/SRR1565948_2.fastq.gz )",
    "expected_format": "IU",
    "compatible_fragment_ratio": 0.9910941136835564,
    "num_compatible_fragments": 4389203,
    "num_assigned_fragments": 4428644,
    "num_consistent_mappings": 7745322,
    "num_inconsistent_mappings": 297165,
    "strand_mapping_bias": 0.4655220273605152,
    "MSF": 0,
    "OSF": 5994,
    "ISF": 4139704,
    "MSR": 0,
    "OSR": 3721,
    "ISR": 3605618,
    "SF": 121809,
    "SR": 113840,
    "MU": 0,
    "OU": 0,
    "IU": 0,
    "U": 0
}